{
    "loss": 5.193268299102783,
    "accuracy": 0.7159242630004883
}