{
    "loss": 19.460691452026367,
    "accuracy": 0.30724096298217773
}