{
    "loss": 7.253415107727051,
    "accuracy": 0.6588423848152161
}